"Title","Description","RDataPath","BiocVersion","Genome","SourceType","SourceUrl","SourceVersion","Species","TaxonomyId","Coordinate_1_based","DataProvider","Maintainer","RDataClass","DispatchClass"
"Tabula Muris Senis FACS All colData","Sample metadata for the Tabula Muris Senis FACS All scRNA-seq dataset","TabulaMurisSenisData/tabula-muris-senis-facs/All_coldata.rds","3.14","GRCm38","HDF5","https://figshare.com/articles/dataset/Processed_files_to_use_with_scanpy_/8273102?file=23937842","","Mus musculus","10090",NA,"The Tabula Muris Consortium","Charlotte Soneson <charlottesoneson@gmail.com>","DFrame","Rds"
"Tabula Muris Senis FACS All counts","Count matrix for the Tabula Muris Senis FACS All scRNA-seq dataset","TabulaMurisSenisData/tabula-muris-senis-facs/All_counts.h5","3.14","GRCm38","HDF5","https://figshare.com/articles/dataset/Processed_files_to_use_with_scanpy_/8273102?file=23937842","","Mus musculus","10090",NA,"The Tabula Muris Consortium","Charlotte Soneson <charlottesoneson@gmail.com>","H5File","H5File"
"Tabula Muris Senis FACS All processed counts","Processed count matrix for the Tabula Muris Senis FACS All scRNA-seq dataset","TabulaMurisSenisData/tabula-muris-senis-facs/All_processed.h5","3.14","GRCm38","HDF5","https://figshare.com/articles/dataset/Processed_files_to_use_with_scanpy_/8273102?file=23937842","","Mus musculus","10090",NA,"The Tabula Muris Consortium","Charlotte Soneson <charlottesoneson@gmail.com>","H5File","H5File"
"Tabula Muris Senis FACS All rowData","Gene annotation for the Tabula Muris Senis FACS All scRNA-seq dataset","TabulaMurisSenisData/tabula-muris-senis-facs/All_rowdata.rds","3.14","GRCm38","HDF5","https://figshare.com/articles/dataset/Processed_files_to_use_with_scanpy_/8273102?file=23937842","","Mus musculus","10090",NA,"The Tabula Muris Consortium","Charlotte Soneson <charlottesoneson@gmail.com>","DFrame","Rds"
"Tabula Muris Senis FACS All PCA","PCA representation for the Tabula Muris Senis FACS All scRNA-seq dataset","TabulaMurisSenisData/tabula-muris-senis-facs/All_pca.rds","3.14","GRCm38","HDF5","https://figshare.com/articles/dataset/Processed_files_to_use_with_scanpy_/8273102?file=23937842","","Mus musculus","10090",NA,"The Tabula Muris Consortium","Charlotte Soneson <charlottesoneson@gmail.com>","matrix","Rds"
"Tabula Muris Senis FACS All UMAP","UMAP representation for the Tabula Muris Senis FACS All scRNA-seq dataset","TabulaMurisSenisData/tabula-muris-senis-facs/All_umap.rds","3.14","GRCm38","HDF5","https://figshare.com/articles/dataset/Processed_files_to_use_with_scanpy_/8273102?file=23937842","","Mus musculus","10090",NA,"The Tabula Muris Consortium","Charlotte Soneson <charlottesoneson@gmail.com>","matrix","Rds"
"Tabula Muris Senis FACS Aorta colData","Sample metadata for the Tabula Muris Senis FACS Aorta scRNA-seq dataset","TabulaMurisSenisData/tabula-muris-senis-facs/Aorta_coldata.rds","3.14","GRCm38","HDF5","https://figshare.com/articles/dataset/Tabula_Muris_Senis_Data_Objects/12654728","","Mus musculus","10090",NA,"The Tabula Muris Consortium","Charlotte Soneson <charlottesoneson@gmail.com>","DFrame","Rds"
"Tabula Muris Senis FACS Aorta counts","Count matrix for the Tabula Muris Senis FACS Aorta scRNA-seq dataset","TabulaMurisSenisData/tabula-muris-senis-facs/Aorta_counts.h5","3.14","GRCm38","HDF5","https://figshare.com/articles/dataset/Tabula_Muris_Senis_Data_Objects/12654728","","Mus musculus","10090",NA,"The Tabula Muris Consortium","Charlotte Soneson <charlottesoneson@gmail.com>","H5File","H5File"
"Tabula Muris Senis FACS Aorta processed counts","Processed count matrix for the Tabula Muris Senis FACS Aorta scRNA-seq dataset","TabulaMurisSenisData/tabula-muris-senis-facs/Aorta_processed.h5","3.14","GRCm38","HDF5","https://figshare.com/articles/dataset/Tabula_Muris_Senis_Data_Objects/12654728","","Mus musculus","10090",NA,"The Tabula Muris Consortium","Charlotte Soneson <charlottesoneson@gmail.com>","H5File","H5File"
"Tabula Muris Senis FACS Aorta rowData","Gene annotation for the Tabula Muris Senis FACS Aorta scRNA-seq dataset","TabulaMurisSenisData/tabula-muris-senis-facs/Aorta_rowdata.rds","3.14","GRCm38","HDF5","https://figshare.com/articles/dataset/Tabula_Muris_Senis_Data_Objects/12654728","","Mus musculus","10090",NA,"The Tabula Muris Consortium","Charlotte Soneson <charlottesoneson@gmail.com>","DFrame","Rds"
"Tabula Muris Senis FACS Aorta PCA","PCA representation for the Tabula Muris Senis FACS Aorta scRNA-seq dataset","TabulaMurisSenisData/tabula-muris-senis-facs/Aorta_pca.rds","3.14","GRCm38","HDF5","https://figshare.com/articles/dataset/Tabula_Muris_Senis_Data_Objects/12654728","","Mus musculus","10090",NA,"The Tabula Muris Consortium","Charlotte Soneson <charlottesoneson@gmail.com>","matrix","Rds"
"Tabula Muris Senis FACS Aorta tSNE","tSNE representation for the Tabula Muris Senis FACS Aorta scRNA-seq dataset","TabulaMurisSenisData/tabula-muris-senis-facs/Aorta_tsne.rds","3.14","GRCm38","HDF5","https://figshare.com/articles/dataset/Tabula_Muris_Senis_Data_Objects/12654728","","Mus musculus","10090",NA,"The Tabula Muris Consortium","Charlotte Soneson <charlottesoneson@gmail.com>","matrix","Rds"
"Tabula Muris Senis FACS Aorta UMAP","UMAP representation for the Tabula Muris Senis FACS Aorta scRNA-seq dataset","TabulaMurisSenisData/tabula-muris-senis-facs/Aorta_umap.rds","3.14","GRCm38","HDF5","https://figshare.com/articles/dataset/Tabula_Muris_Senis_Data_Objects/12654728","","Mus musculus","10090",NA,"The Tabula Muris Consortium","Charlotte Soneson <charlottesoneson@gmail.com>","matrix","Rds"
"Tabula Muris Senis FACS Kidney colData","Sample metadata for the Tabula Muris Senis FACS Kidney scRNA-seq dataset","TabulaMurisSenisData/tabula-muris-senis-facs/Kidney_coldata.rds","3.14","GRCm38","HDF5","https://figshare.com/articles/dataset/Tabula_Muris_Senis_Data_Objects/12654728","","Mus musculus","10090",NA,"The Tabula Muris Consortium","Charlotte Soneson <charlottesoneson@gmail.com>","DFrame","Rds"
"Tabula Muris Senis FACS Kidney counts","Count matrix for the Tabula Muris Senis FACS Kidney scRNA-seq dataset","TabulaMurisSenisData/tabula-muris-senis-facs/Kidney_counts.h5","3.14","GRCm38","HDF5","https://figshare.com/articles/dataset/Tabula_Muris_Senis_Data_Objects/12654728","","Mus musculus","10090",NA,"The Tabula Muris Consortium","Charlotte Soneson <charlottesoneson@gmail.com>","H5File","H5File"
"Tabula Muris Senis FACS Kidney processed counts","Processed count matrix for the Tabula Muris Senis FACS Kidney scRNA-seq dataset","TabulaMurisSenisData/tabula-muris-senis-facs/Kidney_processed.h5","3.14","GRCm38","HDF5","https://figshare.com/articles/dataset/Tabula_Muris_Senis_Data_Objects/12654728","","Mus musculus","10090",NA,"The Tabula Muris Consortium","Charlotte Soneson <charlottesoneson@gmail.com>","H5File","H5File"
"Tabula Muris Senis FACS Kidney rowData","Gene annotation for the Tabula Muris Senis FACS Kidney scRNA-seq dataset","TabulaMurisSenisData/tabula-muris-senis-facs/Kidney_rowdata.rds","3.14","GRCm38","HDF5","https://figshare.com/articles/dataset/Tabula_Muris_Senis_Data_Objects/12654728","","Mus musculus","10090",NA,"The Tabula Muris Consortium","Charlotte Soneson <charlottesoneson@gmail.com>","DFrame","Rds"
"Tabula Muris Senis FACS Kidney PCA","PCA representation for the Tabula Muris Senis FACS Kidney scRNA-seq dataset","TabulaMurisSenisData/tabula-muris-senis-facs/Kidney_pca.rds","3.14","GRCm38","HDF5","https://figshare.com/articles/dataset/Tabula_Muris_Senis_Data_Objects/12654728","","Mus musculus","10090",NA,"The Tabula Muris Consortium","Charlotte Soneson <charlottesoneson@gmail.com>","matrix","Rds"
"Tabula Muris Senis FACS Kidney tSNE","tSNE representation for the Tabula Muris Senis FACS Kidney scRNA-seq dataset","TabulaMurisSenisData/tabula-muris-senis-facs/Kidney_tsne.rds","3.14","GRCm38","HDF5","https://figshare.com/articles/dataset/Tabula_Muris_Senis_Data_Objects/12654728","","Mus musculus","10090",NA,"The Tabula Muris Consortium","Charlotte Soneson <charlottesoneson@gmail.com>","matrix","Rds"
"Tabula Muris Senis FACS Kidney UMAP","UMAP representation for the Tabula Muris Senis FACS Kidney scRNA-seq dataset","TabulaMurisSenisData/tabula-muris-senis-facs/Kidney_umap.rds","3.14","GRCm38","HDF5","https://figshare.com/articles/dataset/Tabula_Muris_Senis_Data_Objects/12654728","","Mus musculus","10090",NA,"The Tabula Muris Consortium","Charlotte Soneson <charlottesoneson@gmail.com>","matrix","Rds"
"Tabula Muris Senis FACS Diaphragm colData","Sample metadata for the Tabula Muris Senis FACS Diaphragm scRNA-seq dataset","TabulaMurisSenisData/tabula-muris-senis-facs/Diaphragm_coldata.rds","3.14","GRCm38","HDF5","https://figshare.com/articles/dataset/Tabula_Muris_Senis_Data_Objects/12654728","","Mus musculus","10090",NA,"The Tabula Muris Consortium","Charlotte Soneson <charlottesoneson@gmail.com>","DFrame","Rds"
"Tabula Muris Senis FACS Diaphragm counts","Count matrix for the Tabula Muris Senis FACS Diaphragm scRNA-seq dataset","TabulaMurisSenisData/tabula-muris-senis-facs/Diaphragm_counts.h5","3.14","GRCm38","HDF5","https://figshare.com/articles/dataset/Tabula_Muris_Senis_Data_Objects/12654728","","Mus musculus","10090",NA,"The Tabula Muris Consortium","Charlotte Soneson <charlottesoneson@gmail.com>","H5File","H5File"
"Tabula Muris Senis FACS Diaphragm processed counts","Processed count matrix for the Tabula Muris Senis FACS Diaphragm scRNA-seq dataset","TabulaMurisSenisData/tabula-muris-senis-facs/Diaphragm_processed.h5","3.14","GRCm38","HDF5","https://figshare.com/articles/dataset/Tabula_Muris_Senis_Data_Objects/12654728","","Mus musculus","10090",NA,"The Tabula Muris Consortium","Charlotte Soneson <charlottesoneson@gmail.com>","H5File","H5File"
"Tabula Muris Senis FACS Diaphragm rowData","Gene annotation for the Tabula Muris Senis FACS Diaphragm scRNA-seq dataset","TabulaMurisSenisData/tabula-muris-senis-facs/Diaphragm_rowdata.rds","3.14","GRCm38","HDF5","https://figshare.com/articles/dataset/Tabula_Muris_Senis_Data_Objects/12654728","","Mus musculus","10090",NA,"The Tabula Muris Consortium","Charlotte Soneson <charlottesoneson@gmail.com>","DFrame","Rds"
"Tabula Muris Senis FACS Diaphragm PCA","PCA representation for the Tabula Muris Senis FACS Diaphragm scRNA-seq dataset","TabulaMurisSenisData/tabula-muris-senis-facs/Diaphragm_pca.rds","3.14","GRCm38","HDF5","https://figshare.com/articles/dataset/Tabula_Muris_Senis_Data_Objects/12654728","","Mus musculus","10090",NA,"The Tabula Muris Consortium","Charlotte Soneson <charlottesoneson@gmail.com>","matrix","Rds"
"Tabula Muris Senis FACS Diaphragm tSNE","tSNE representation for the Tabula Muris Senis FACS Diaphragm scRNA-seq dataset","TabulaMurisSenisData/tabula-muris-senis-facs/Diaphragm_tsne.rds","3.14","GRCm38","HDF5","https://figshare.com/articles/dataset/Tabula_Muris_Senis_Data_Objects/12654728","","Mus musculus","10090",NA,"The Tabula Muris Consortium","Charlotte Soneson <charlottesoneson@gmail.com>","matrix","Rds"
"Tabula Muris Senis FACS Diaphragm UMAP","UMAP representation for the Tabula Muris Senis FACS Diaphragm scRNA-seq dataset","TabulaMurisSenisData/tabula-muris-senis-facs/Diaphragm_umap.rds","3.14","GRCm38","HDF5","https://figshare.com/articles/dataset/Tabula_Muris_Senis_Data_Objects/12654728","","Mus musculus","10090",NA,"The Tabula Muris Consortium","Charlotte Soneson <charlottesoneson@gmail.com>","matrix","Rds"
"Tabula Muris Senis FACS BAT colData","Sample metadata for the Tabula Muris Senis FACS BAT scRNA-seq dataset","TabulaMurisSenisData/tabula-muris-senis-facs/BAT_coldata.rds","3.14","GRCm38","HDF5","https://figshare.com/articles/dataset/Tabula_Muris_Senis_Data_Objects/12654728","","Mus musculus","10090",NA,"The Tabula Muris Consortium","Charlotte Soneson <charlottesoneson@gmail.com>","DFrame","Rds"
"Tabula Muris Senis FACS BAT counts","Count matrix for the Tabula Muris Senis FACS BAT scRNA-seq dataset","TabulaMurisSenisData/tabula-muris-senis-facs/BAT_counts.h5","3.14","GRCm38","HDF5","https://figshare.com/articles/dataset/Tabula_Muris_Senis_Data_Objects/12654728","","Mus musculus","10090",NA,"The Tabula Muris Consortium","Charlotte Soneson <charlottesoneson@gmail.com>","H5File","H5File"
"Tabula Muris Senis FACS BAT processed counts","Processed count matrix for the Tabula Muris Senis FACS BAT scRNA-seq dataset","TabulaMurisSenisData/tabula-muris-senis-facs/BAT_processed.h5","3.14","GRCm38","HDF5","https://figshare.com/articles/dataset/Tabula_Muris_Senis_Data_Objects/12654728","","Mus musculus","10090",NA,"The Tabula Muris Consortium","Charlotte Soneson <charlottesoneson@gmail.com>","H5File","H5File"
"Tabula Muris Senis FACS BAT rowData","Gene annotation for the Tabula Muris Senis FACS BAT scRNA-seq dataset","TabulaMurisSenisData/tabula-muris-senis-facs/BAT_rowdata.rds","3.14","GRCm38","HDF5","https://figshare.com/articles/dataset/Tabula_Muris_Senis_Data_Objects/12654728","","Mus musculus","10090",NA,"The Tabula Muris Consortium","Charlotte Soneson <charlottesoneson@gmail.com>","DFrame","Rds"
"Tabula Muris Senis FACS BAT PCA","PCA representation for the Tabula Muris Senis FACS BAT scRNA-seq dataset","TabulaMurisSenisData/tabula-muris-senis-facs/BAT_pca.rds","3.14","GRCm38","HDF5","https://figshare.com/articles/dataset/Tabula_Muris_Senis_Data_Objects/12654728","","Mus musculus","10090",NA,"The Tabula Muris Consortium","Charlotte Soneson <charlottesoneson@gmail.com>","matrix","Rds"
"Tabula Muris Senis FACS BAT tSNE","tSNE representation for the Tabula Muris Senis FACS BAT scRNA-seq dataset","TabulaMurisSenisData/tabula-muris-senis-facs/BAT_tsne.rds","3.14","GRCm38","HDF5","https://figshare.com/articles/dataset/Tabula_Muris_Senis_Data_Objects/12654728","","Mus musculus","10090",NA,"The Tabula Muris Consortium","Charlotte Soneson <charlottesoneson@gmail.com>","matrix","Rds"
"Tabula Muris Senis FACS BAT UMAP","UMAP representation for the Tabula Muris Senis FACS BAT scRNA-seq dataset","TabulaMurisSenisData/tabula-muris-senis-facs/BAT_umap.rds","3.14","GRCm38","HDF5","https://figshare.com/articles/dataset/Tabula_Muris_Senis_Data_Objects/12654728","","Mus musculus","10090",NA,"The Tabula Muris Consortium","Charlotte Soneson <charlottesoneson@gmail.com>","matrix","Rds"
"Tabula Muris Senis FACS Spleen colData","Sample metadata for the Tabula Muris Senis FACS Spleen scRNA-seq dataset","TabulaMurisSenisData/tabula-muris-senis-facs/Spleen_coldata.rds","3.14","GRCm38","HDF5","https://figshare.com/articles/dataset/Tabula_Muris_Senis_Data_Objects/12654728","","Mus musculus","10090",NA,"The Tabula Muris Consortium","Charlotte Soneson <charlottesoneson@gmail.com>","DFrame","Rds"
"Tabula Muris Senis FACS Spleen counts","Count matrix for the Tabula Muris Senis FACS Spleen scRNA-seq dataset","TabulaMurisSenisData/tabula-muris-senis-facs/Spleen_counts.h5","3.14","GRCm38","HDF5","https://figshare.com/articles/dataset/Tabula_Muris_Senis_Data_Objects/12654728","","Mus musculus","10090",NA,"The Tabula Muris Consortium","Charlotte Soneson <charlottesoneson@gmail.com>","H5File","H5File"
"Tabula Muris Senis FACS Spleen processed counts","Processed count matrix for the Tabula Muris Senis FACS Spleen scRNA-seq dataset","TabulaMurisSenisData/tabula-muris-senis-facs/Spleen_processed.h5","3.14","GRCm38","HDF5","https://figshare.com/articles/dataset/Tabula_Muris_Senis_Data_Objects/12654728","","Mus musculus","10090",NA,"The Tabula Muris Consortium","Charlotte Soneson <charlottesoneson@gmail.com>","H5File","H5File"
"Tabula Muris Senis FACS Spleen rowData","Gene annotation for the Tabula Muris Senis FACS Spleen scRNA-seq dataset","TabulaMurisSenisData/tabula-muris-senis-facs/Spleen_rowdata.rds","3.14","GRCm38","HDF5","https://figshare.com/articles/dataset/Tabula_Muris_Senis_Data_Objects/12654728","","Mus musculus","10090",NA,"The Tabula Muris Consortium","Charlotte Soneson <charlottesoneson@gmail.com>","DFrame","Rds"
"Tabula Muris Senis FACS Spleen PCA","PCA representation for the Tabula Muris Senis FACS Spleen scRNA-seq dataset","TabulaMurisSenisData/tabula-muris-senis-facs/Spleen_pca.rds","3.14","GRCm38","HDF5","https://figshare.com/articles/dataset/Tabula_Muris_Senis_Data_Objects/12654728","","Mus musculus","10090",NA,"The Tabula Muris Consortium","Charlotte Soneson <charlottesoneson@gmail.com>","matrix","Rds"
"Tabula Muris Senis FACS Spleen tSNE","tSNE representation for the Tabula Muris Senis FACS Spleen scRNA-seq dataset","TabulaMurisSenisData/tabula-muris-senis-facs/Spleen_tsne.rds","3.14","GRCm38","HDF5","https://figshare.com/articles/dataset/Tabula_Muris_Senis_Data_Objects/12654728","","Mus musculus","10090",NA,"The Tabula Muris Consortium","Charlotte Soneson <charlottesoneson@gmail.com>","matrix","Rds"
"Tabula Muris Senis FACS Spleen UMAP","UMAP representation for the Tabula Muris Senis FACS Spleen scRNA-seq dataset","TabulaMurisSenisData/tabula-muris-senis-facs/Spleen_umap.rds","3.14","GRCm38","HDF5","https://figshare.com/articles/dataset/Tabula_Muris_Senis_Data_Objects/12654728","","Mus musculus","10090",NA,"The Tabula Muris Consortium","Charlotte Soneson <charlottesoneson@gmail.com>","matrix","Rds"
"Tabula Muris Senis FACS Limb_Muscle colData","Sample metadata for the Tabula Muris Senis FACS Limb_Muscle scRNA-seq dataset","TabulaMurisSenisData/tabula-muris-senis-facs/Limb_Muscle_coldata.rds","3.14","GRCm38","HDF5","https://figshare.com/articles/dataset/Tabula_Muris_Senis_Data_Objects/12654728","","Mus musculus","10090",NA,"The Tabula Muris Consortium","Charlotte Soneson <charlottesoneson@gmail.com>","DFrame","Rds"
"Tabula Muris Senis FACS Limb_Muscle counts","Count matrix for the Tabula Muris Senis FACS Limb_Muscle scRNA-seq dataset","TabulaMurisSenisData/tabula-muris-senis-facs/Limb_Muscle_counts.h5","3.14","GRCm38","HDF5","https://figshare.com/articles/dataset/Tabula_Muris_Senis_Data_Objects/12654728","","Mus musculus","10090",NA,"The Tabula Muris Consortium","Charlotte Soneson <charlottesoneson@gmail.com>","H5File","H5File"
"Tabula Muris Senis FACS Limb_Muscle processed counts","Processed count matrix for the Tabula Muris Senis FACS Limb_Muscle scRNA-seq dataset","TabulaMurisSenisData/tabula-muris-senis-facs/Limb_Muscle_processed.h5","3.14","GRCm38","HDF5","https://figshare.com/articles/dataset/Tabula_Muris_Senis_Data_Objects/12654728","","Mus musculus","10090",NA,"The Tabula Muris Consortium","Charlotte Soneson <charlottesoneson@gmail.com>","H5File","H5File"
"Tabula Muris Senis FACS Limb_Muscle rowData","Gene annotation for the Tabula Muris Senis FACS Limb_Muscle scRNA-seq dataset","TabulaMurisSenisData/tabula-muris-senis-facs/Limb_Muscle_rowdata.rds","3.14","GRCm38","HDF5","https://figshare.com/articles/dataset/Tabula_Muris_Senis_Data_Objects/12654728","","Mus musculus","10090",NA,"The Tabula Muris Consortium","Charlotte Soneson <charlottesoneson@gmail.com>","DFrame","Rds"
"Tabula Muris Senis FACS Limb_Muscle PCA","PCA representation for the Tabula Muris Senis FACS Limb_Muscle scRNA-seq dataset","TabulaMurisSenisData/tabula-muris-senis-facs/Limb_Muscle_pca.rds","3.14","GRCm38","HDF5","https://figshare.com/articles/dataset/Tabula_Muris_Senis_Data_Objects/12654728","","Mus musculus","10090",NA,"The Tabula Muris Consortium","Charlotte Soneson <charlottesoneson@gmail.com>","matrix","Rds"
"Tabula Muris Senis FACS Limb_Muscle tSNE","tSNE representation for the Tabula Muris Senis FACS Limb_Muscle scRNA-seq dataset","TabulaMurisSenisData/tabula-muris-senis-facs/Limb_Muscle_tsne.rds","3.14","GRCm38","HDF5","https://figshare.com/articles/dataset/Tabula_Muris_Senis_Data_Objects/12654728","","Mus musculus","10090",NA,"The Tabula Muris Consortium","Charlotte Soneson <charlottesoneson@gmail.com>","matrix","Rds"
"Tabula Muris Senis FACS Limb_Muscle UMAP","UMAP representation for the Tabula Muris Senis FACS Limb_Muscle scRNA-seq dataset","TabulaMurisSenisData/tabula-muris-senis-facs/Limb_Muscle_umap.rds","3.14","GRCm38","HDF5","https://figshare.com/articles/dataset/Tabula_Muris_Senis_Data_Objects/12654728","","Mus musculus","10090",NA,"The Tabula Muris Consortium","Charlotte Soneson <charlottesoneson@gmail.com>","matrix","Rds"
"Tabula Muris Senis FACS Liver colData","Sample metadata for the Tabula Muris Senis FACS Liver scRNA-seq dataset","TabulaMurisSenisData/tabula-muris-senis-facs/Liver_coldata.rds","3.14","GRCm38","HDF5","https://figshare.com/articles/dataset/Tabula_Muris_Senis_Data_Objects/12654728","","Mus musculus","10090",NA,"The Tabula Muris Consortium","Charlotte Soneson <charlottesoneson@gmail.com>","DFrame","Rds"
"Tabula Muris Senis FACS Liver counts","Count matrix for the Tabula Muris Senis FACS Liver scRNA-seq dataset","TabulaMurisSenisData/tabula-muris-senis-facs/Liver_counts.h5","3.14","GRCm38","HDF5","https://figshare.com/articles/dataset/Tabula_Muris_Senis_Data_Objects/12654728","","Mus musculus","10090",NA,"The Tabula Muris Consortium","Charlotte Soneson <charlottesoneson@gmail.com>","H5File","H5File"
"Tabula Muris Senis FACS Liver processed counts","Processed count matrix for the Tabula Muris Senis FACS Liver scRNA-seq dataset","TabulaMurisSenisData/tabula-muris-senis-facs/Liver_processed.h5","3.14","GRCm38","HDF5","https://figshare.com/articles/dataset/Tabula_Muris_Senis_Data_Objects/12654728","","Mus musculus","10090",NA,"The Tabula Muris Consortium","Charlotte Soneson <charlottesoneson@gmail.com>","H5File","H5File"
"Tabula Muris Senis FACS Liver rowData","Gene annotation for the Tabula Muris Senis FACS Liver scRNA-seq dataset","TabulaMurisSenisData/tabula-muris-senis-facs/Liver_rowdata.rds","3.14","GRCm38","HDF5","https://figshare.com/articles/dataset/Tabula_Muris_Senis_Data_Objects/12654728","","Mus musculus","10090",NA,"The Tabula Muris Consortium","Charlotte Soneson <charlottesoneson@gmail.com>","DFrame","Rds"
"Tabula Muris Senis FACS Liver PCA","PCA representation for the Tabula Muris Senis FACS Liver scRNA-seq dataset","TabulaMurisSenisData/tabula-muris-senis-facs/Liver_pca.rds","3.14","GRCm38","HDF5","https://figshare.com/articles/dataset/Tabula_Muris_Senis_Data_Objects/12654728","","Mus musculus","10090",NA,"The Tabula Muris Consortium","Charlotte Soneson <charlottesoneson@gmail.com>","matrix","Rds"
"Tabula Muris Senis FACS Liver tSNE","tSNE representation for the Tabula Muris Senis FACS Liver scRNA-seq dataset","TabulaMurisSenisData/tabula-muris-senis-facs/Liver_tsne.rds","3.14","GRCm38","HDF5","https://figshare.com/articles/dataset/Tabula_Muris_Senis_Data_Objects/12654728","","Mus musculus","10090",NA,"The Tabula Muris Consortium","Charlotte Soneson <charlottesoneson@gmail.com>","matrix","Rds"
"Tabula Muris Senis FACS Liver UMAP","UMAP representation for the Tabula Muris Senis FACS Liver scRNA-seq dataset","TabulaMurisSenisData/tabula-muris-senis-facs/Liver_umap.rds","3.14","GRCm38","HDF5","https://figshare.com/articles/dataset/Tabula_Muris_Senis_Data_Objects/12654728","","Mus musculus","10090",NA,"The Tabula Muris Consortium","Charlotte Soneson <charlottesoneson@gmail.com>","matrix","Rds"
"Tabula Muris Senis FACS MAT colData","Sample metadata for the Tabula Muris Senis FACS MAT scRNA-seq dataset","TabulaMurisSenisData/tabula-muris-senis-facs/MAT_coldata.rds","3.14","GRCm38","HDF5","https://figshare.com/articles/dataset/Tabula_Muris_Senis_Data_Objects/12654728","","Mus musculus","10090",NA,"The Tabula Muris Consortium","Charlotte Soneson <charlottesoneson@gmail.com>","DFrame","Rds"
"Tabula Muris Senis FACS MAT counts","Count matrix for the Tabula Muris Senis FACS MAT scRNA-seq dataset","TabulaMurisSenisData/tabula-muris-senis-facs/MAT_counts.h5","3.14","GRCm38","HDF5","https://figshare.com/articles/dataset/Tabula_Muris_Senis_Data_Objects/12654728","","Mus musculus","10090",NA,"The Tabula Muris Consortium","Charlotte Soneson <charlottesoneson@gmail.com>","H5File","H5File"
"Tabula Muris Senis FACS MAT processed counts","Processed count matrix for the Tabula Muris Senis FACS MAT scRNA-seq dataset","TabulaMurisSenisData/tabula-muris-senis-facs/MAT_processed.h5","3.14","GRCm38","HDF5","https://figshare.com/articles/dataset/Tabula_Muris_Senis_Data_Objects/12654728","","Mus musculus","10090",NA,"The Tabula Muris Consortium","Charlotte Soneson <charlottesoneson@gmail.com>","H5File","H5File"
"Tabula Muris Senis FACS MAT rowData","Gene annotation for the Tabula Muris Senis FACS MAT scRNA-seq dataset","TabulaMurisSenisData/tabula-muris-senis-facs/MAT_rowdata.rds","3.14","GRCm38","HDF5","https://figshare.com/articles/dataset/Tabula_Muris_Senis_Data_Objects/12654728","","Mus musculus","10090",NA,"The Tabula Muris Consortium","Charlotte Soneson <charlottesoneson@gmail.com>","DFrame","Rds"
"Tabula Muris Senis FACS MAT PCA","PCA representation for the Tabula Muris Senis FACS MAT scRNA-seq dataset","TabulaMurisSenisData/tabula-muris-senis-facs/MAT_pca.rds","3.14","GRCm38","HDF5","https://figshare.com/articles/dataset/Tabula_Muris_Senis_Data_Objects/12654728","","Mus musculus","10090",NA,"The Tabula Muris Consortium","Charlotte Soneson <charlottesoneson@gmail.com>","matrix","Rds"
"Tabula Muris Senis FACS MAT tSNE","tSNE representation for the Tabula Muris Senis FACS MAT scRNA-seq dataset","TabulaMurisSenisData/tabula-muris-senis-facs/MAT_tsne.rds","3.14","GRCm38","HDF5","https://figshare.com/articles/dataset/Tabula_Muris_Senis_Data_Objects/12654728","","Mus musculus","10090",NA,"The Tabula Muris Consortium","Charlotte Soneson <charlottesoneson@gmail.com>","matrix","Rds"
"Tabula Muris Senis FACS MAT UMAP","UMAP representation for the Tabula Muris Senis FACS MAT scRNA-seq dataset","TabulaMurisSenisData/tabula-muris-senis-facs/MAT_umap.rds","3.14","GRCm38","HDF5","https://figshare.com/articles/dataset/Tabula_Muris_Senis_Data_Objects/12654728","","Mus musculus","10090",NA,"The Tabula Muris Consortium","Charlotte Soneson <charlottesoneson@gmail.com>","matrix","Rds"
"Tabula Muris Senis FACS Thymus colData","Sample metadata for the Tabula Muris Senis FACS Thymus scRNA-seq dataset","TabulaMurisSenisData/tabula-muris-senis-facs/Thymus_coldata.rds","3.14","GRCm38","HDF5","https://figshare.com/articles/dataset/Tabula_Muris_Senis_Data_Objects/12654728","","Mus musculus","10090",NA,"The Tabula Muris Consortium","Charlotte Soneson <charlottesoneson@gmail.com>","DFrame","Rds"
"Tabula Muris Senis FACS Thymus counts","Count matrix for the Tabula Muris Senis FACS Thymus scRNA-seq dataset","TabulaMurisSenisData/tabula-muris-senis-facs/Thymus_counts.h5","3.14","GRCm38","HDF5","https://figshare.com/articles/dataset/Tabula_Muris_Senis_Data_Objects/12654728","","Mus musculus","10090",NA,"The Tabula Muris Consortium","Charlotte Soneson <charlottesoneson@gmail.com>","H5File","H5File"
"Tabula Muris Senis FACS Thymus processed counts","Processed count matrix for the Tabula Muris Senis FACS Thymus scRNA-seq dataset","TabulaMurisSenisData/tabula-muris-senis-facs/Thymus_processed.h5","3.14","GRCm38","HDF5","https://figshare.com/articles/dataset/Tabula_Muris_Senis_Data_Objects/12654728","","Mus musculus","10090",NA,"The Tabula Muris Consortium","Charlotte Soneson <charlottesoneson@gmail.com>","H5File","H5File"
"Tabula Muris Senis FACS Thymus rowData","Gene annotation for the Tabula Muris Senis FACS Thymus scRNA-seq dataset","TabulaMurisSenisData/tabula-muris-senis-facs/Thymus_rowdata.rds","3.14","GRCm38","HDF5","https://figshare.com/articles/dataset/Tabula_Muris_Senis_Data_Objects/12654728","","Mus musculus","10090",NA,"The Tabula Muris Consortium","Charlotte Soneson <charlottesoneson@gmail.com>","DFrame","Rds"
"Tabula Muris Senis FACS Thymus PCA","PCA representation for the Tabula Muris Senis FACS Thymus scRNA-seq dataset","TabulaMurisSenisData/tabula-muris-senis-facs/Thymus_pca.rds","3.14","GRCm38","HDF5","https://figshare.com/articles/dataset/Tabula_Muris_Senis_Data_Objects/12654728","","Mus musculus","10090",NA,"The Tabula Muris Consortium","Charlotte Soneson <charlottesoneson@gmail.com>","matrix","Rds"
"Tabula Muris Senis FACS Thymus tSNE","tSNE representation for the Tabula Muris Senis FACS Thymus scRNA-seq dataset","TabulaMurisSenisData/tabula-muris-senis-facs/Thymus_tsne.rds","3.14","GRCm38","HDF5","https://figshare.com/articles/dataset/Tabula_Muris_Senis_Data_Objects/12654728","","Mus musculus","10090",NA,"The Tabula Muris Consortium","Charlotte Soneson <charlottesoneson@gmail.com>","matrix","Rds"
"Tabula Muris Senis FACS Thymus UMAP","UMAP representation for the Tabula Muris Senis FACS Thymus scRNA-seq dataset","TabulaMurisSenisData/tabula-muris-senis-facs/Thymus_umap.rds","3.14","GRCm38","HDF5","https://figshare.com/articles/dataset/Tabula_Muris_Senis_Data_Objects/12654728","","Mus musculus","10090",NA,"The Tabula Muris Consortium","Charlotte Soneson <charlottesoneson@gmail.com>","matrix","Rds"
"Tabula Muris Senis FACS Trachea colData","Sample metadata for the Tabula Muris Senis FACS Trachea scRNA-seq dataset","TabulaMurisSenisData/tabula-muris-senis-facs/Trachea_coldata.rds","3.14","GRCm38","HDF5","https://figshare.com/articles/dataset/Tabula_Muris_Senis_Data_Objects/12654728","","Mus musculus","10090",NA,"The Tabula Muris Consortium","Charlotte Soneson <charlottesoneson@gmail.com>","DFrame","Rds"
"Tabula Muris Senis FACS Trachea counts","Count matrix for the Tabula Muris Senis FACS Trachea scRNA-seq dataset","TabulaMurisSenisData/tabula-muris-senis-facs/Trachea_counts.h5","3.14","GRCm38","HDF5","https://figshare.com/articles/dataset/Tabula_Muris_Senis_Data_Objects/12654728","","Mus musculus","10090",NA,"The Tabula Muris Consortium","Charlotte Soneson <charlottesoneson@gmail.com>","H5File","H5File"
"Tabula Muris Senis FACS Trachea processed counts","Processed count matrix for the Tabula Muris Senis FACS Trachea scRNA-seq dataset","TabulaMurisSenisData/tabula-muris-senis-facs/Trachea_processed.h5","3.14","GRCm38","HDF5","https://figshare.com/articles/dataset/Tabula_Muris_Senis_Data_Objects/12654728","","Mus musculus","10090",NA,"The Tabula Muris Consortium","Charlotte Soneson <charlottesoneson@gmail.com>","H5File","H5File"
"Tabula Muris Senis FACS Trachea rowData","Gene annotation for the Tabula Muris Senis FACS Trachea scRNA-seq dataset","TabulaMurisSenisData/tabula-muris-senis-facs/Trachea_rowdata.rds","3.14","GRCm38","HDF5","https://figshare.com/articles/dataset/Tabula_Muris_Senis_Data_Objects/12654728","","Mus musculus","10090",NA,"The Tabula Muris Consortium","Charlotte Soneson <charlottesoneson@gmail.com>","DFrame","Rds"
"Tabula Muris Senis FACS Trachea PCA","PCA representation for the Tabula Muris Senis FACS Trachea scRNA-seq dataset","TabulaMurisSenisData/tabula-muris-senis-facs/Trachea_pca.rds","3.14","GRCm38","HDF5","https://figshare.com/articles/dataset/Tabula_Muris_Senis_Data_Objects/12654728","","Mus musculus","10090",NA,"The Tabula Muris Consortium","Charlotte Soneson <charlottesoneson@gmail.com>","matrix","Rds"
"Tabula Muris Senis FACS Trachea tSNE","tSNE representation for the Tabula Muris Senis FACS Trachea scRNA-seq dataset","TabulaMurisSenisData/tabula-muris-senis-facs/Trachea_tsne.rds","3.14","GRCm38","HDF5","https://figshare.com/articles/dataset/Tabula_Muris_Senis_Data_Objects/12654728","","Mus musculus","10090",NA,"The Tabula Muris Consortium","Charlotte Soneson <charlottesoneson@gmail.com>","matrix","Rds"
"Tabula Muris Senis FACS Trachea UMAP","UMAP representation for the Tabula Muris Senis FACS Trachea scRNA-seq dataset","TabulaMurisSenisData/tabula-muris-senis-facs/Trachea_umap.rds","3.14","GRCm38","HDF5","https://figshare.com/articles/dataset/Tabula_Muris_Senis_Data_Objects/12654728","","Mus musculus","10090",NA,"The Tabula Muris Consortium","Charlotte Soneson <charlottesoneson@gmail.com>","matrix","Rds"
"Tabula Muris Senis FACS GAT colData","Sample metadata for the Tabula Muris Senis FACS GAT scRNA-seq dataset","TabulaMurisSenisData/tabula-muris-senis-facs/GAT_coldata.rds","3.14","GRCm38","HDF5","https://figshare.com/articles/dataset/Tabula_Muris_Senis_Data_Objects/12654728","","Mus musculus","10090",NA,"The Tabula Muris Consortium","Charlotte Soneson <charlottesoneson@gmail.com>","DFrame","Rds"
"Tabula Muris Senis FACS GAT counts","Count matrix for the Tabula Muris Senis FACS GAT scRNA-seq dataset","TabulaMurisSenisData/tabula-muris-senis-facs/GAT_counts.h5","3.14","GRCm38","HDF5","https://figshare.com/articles/dataset/Tabula_Muris_Senis_Data_Objects/12654728","","Mus musculus","10090",NA,"The Tabula Muris Consortium","Charlotte Soneson <charlottesoneson@gmail.com>","H5File","H5File"
"Tabula Muris Senis FACS GAT processed counts","Processed count matrix for the Tabula Muris Senis FACS GAT scRNA-seq dataset","TabulaMurisSenisData/tabula-muris-senis-facs/GAT_processed.h5","3.14","GRCm38","HDF5","https://figshare.com/articles/dataset/Tabula_Muris_Senis_Data_Objects/12654728","","Mus musculus","10090",NA,"The Tabula Muris Consortium","Charlotte Soneson <charlottesoneson@gmail.com>","H5File","H5File"
"Tabula Muris Senis FACS GAT rowData","Gene annotation for the Tabula Muris Senis FACS GAT scRNA-seq dataset","TabulaMurisSenisData/tabula-muris-senis-facs/GAT_rowdata.rds","3.14","GRCm38","HDF5","https://figshare.com/articles/dataset/Tabula_Muris_Senis_Data_Objects/12654728","","Mus musculus","10090",NA,"The Tabula Muris Consortium","Charlotte Soneson <charlottesoneson@gmail.com>","DFrame","Rds"
"Tabula Muris Senis FACS GAT PCA","PCA representation for the Tabula Muris Senis FACS GAT scRNA-seq dataset","TabulaMurisSenisData/tabula-muris-senis-facs/GAT_pca.rds","3.14","GRCm38","HDF5","https://figshare.com/articles/dataset/Tabula_Muris_Senis_Data_Objects/12654728","","Mus musculus","10090",NA,"The Tabula Muris Consortium","Charlotte Soneson <charlottesoneson@gmail.com>","matrix","Rds"
"Tabula Muris Senis FACS GAT tSNE","tSNE representation for the Tabula Muris Senis FACS GAT scRNA-seq dataset","TabulaMurisSenisData/tabula-muris-senis-facs/GAT_tsne.rds","3.14","GRCm38","HDF5","https://figshare.com/articles/dataset/Tabula_Muris_Senis_Data_Objects/12654728","","Mus musculus","10090",NA,"The Tabula Muris Consortium","Charlotte Soneson <charlottesoneson@gmail.com>","matrix","Rds"
"Tabula Muris Senis FACS GAT UMAP","UMAP representation for the Tabula Muris Senis FACS GAT scRNA-seq dataset","TabulaMurisSenisData/tabula-muris-senis-facs/GAT_umap.rds","3.14","GRCm38","HDF5","https://figshare.com/articles/dataset/Tabula_Muris_Senis_Data_Objects/12654728","","Mus musculus","10090",NA,"The Tabula Muris Consortium","Charlotte Soneson <charlottesoneson@gmail.com>","matrix","Rds"
"Tabula Muris Senis FACS SCAT colData","Sample metadata for the Tabula Muris Senis FACS SCAT scRNA-seq dataset","TabulaMurisSenisData/tabula-muris-senis-facs/SCAT_coldata.rds","3.14","GRCm38","HDF5","https://figshare.com/articles/dataset/Tabula_Muris_Senis_Data_Objects/12654728","","Mus musculus","10090",NA,"The Tabula Muris Consortium","Charlotte Soneson <charlottesoneson@gmail.com>","DFrame","Rds"
"Tabula Muris Senis FACS SCAT counts","Count matrix for the Tabula Muris Senis FACS SCAT scRNA-seq dataset","TabulaMurisSenisData/tabula-muris-senis-facs/SCAT_counts.h5","3.14","GRCm38","HDF5","https://figshare.com/articles/dataset/Tabula_Muris_Senis_Data_Objects/12654728","","Mus musculus","10090",NA,"The Tabula Muris Consortium","Charlotte Soneson <charlottesoneson@gmail.com>","H5File","H5File"
"Tabula Muris Senis FACS SCAT processed counts","Processed count matrix for the Tabula Muris Senis FACS SCAT scRNA-seq dataset","TabulaMurisSenisData/tabula-muris-senis-facs/SCAT_processed.h5","3.14","GRCm38","HDF5","https://figshare.com/articles/dataset/Tabula_Muris_Senis_Data_Objects/12654728","","Mus musculus","10090",NA,"The Tabula Muris Consortium","Charlotte Soneson <charlottesoneson@gmail.com>","H5File","H5File"
"Tabula Muris Senis FACS SCAT rowData","Gene annotation for the Tabula Muris Senis FACS SCAT scRNA-seq dataset","TabulaMurisSenisData/tabula-muris-senis-facs/SCAT_rowdata.rds","3.14","GRCm38","HDF5","https://figshare.com/articles/dataset/Tabula_Muris_Senis_Data_Objects/12654728","","Mus musculus","10090",NA,"The Tabula Muris Consortium","Charlotte Soneson <charlottesoneson@gmail.com>","DFrame","Rds"
"Tabula Muris Senis FACS SCAT PCA","PCA representation for the Tabula Muris Senis FACS SCAT scRNA-seq dataset","TabulaMurisSenisData/tabula-muris-senis-facs/SCAT_pca.rds","3.14","GRCm38","HDF5","https://figshare.com/articles/dataset/Tabula_Muris_Senis_Data_Objects/12654728","","Mus musculus","10090",NA,"The Tabula Muris Consortium","Charlotte Soneson <charlottesoneson@gmail.com>","matrix","Rds"
"Tabula Muris Senis FACS SCAT tSNE","tSNE representation for the Tabula Muris Senis FACS SCAT scRNA-seq dataset","TabulaMurisSenisData/tabula-muris-senis-facs/SCAT_tsne.rds","3.14","GRCm38","HDF5","https://figshare.com/articles/dataset/Tabula_Muris_Senis_Data_Objects/12654728","","Mus musculus","10090",NA,"The Tabula Muris Consortium","Charlotte Soneson <charlottesoneson@gmail.com>","matrix","Rds"
"Tabula Muris Senis FACS SCAT UMAP","UMAP representation for the Tabula Muris Senis FACS SCAT scRNA-seq dataset","TabulaMurisSenisData/tabula-muris-senis-facs/SCAT_umap.rds","3.14","GRCm38","HDF5","https://figshare.com/articles/dataset/Tabula_Muris_Senis_Data_Objects/12654728","","Mus musculus","10090",NA,"The Tabula Muris Consortium","Charlotte Soneson <charlottesoneson@gmail.com>","matrix","Rds"
"Tabula Muris Senis FACS Bladder colData","Sample metadata for the Tabula Muris Senis FACS Bladder scRNA-seq dataset","TabulaMurisSenisData/tabula-muris-senis-facs/Bladder_coldata.rds","3.14","GRCm38","HDF5","https://figshare.com/articles/dataset/Tabula_Muris_Senis_Data_Objects/12654728","","Mus musculus","10090",NA,"The Tabula Muris Consortium","Charlotte Soneson <charlottesoneson@gmail.com>","DFrame","Rds"
"Tabula Muris Senis FACS Bladder counts","Count matrix for the Tabula Muris Senis FACS Bladder scRNA-seq dataset","TabulaMurisSenisData/tabula-muris-senis-facs/Bladder_counts.h5","3.14","GRCm38","HDF5","https://figshare.com/articles/dataset/Tabula_Muris_Senis_Data_Objects/12654728","","Mus musculus","10090",NA,"The Tabula Muris Consortium","Charlotte Soneson <charlottesoneson@gmail.com>","H5File","H5File"
"Tabula Muris Senis FACS Bladder processed counts","Processed count matrix for the Tabula Muris Senis FACS Bladder scRNA-seq dataset","TabulaMurisSenisData/tabula-muris-senis-facs/Bladder_processed.h5","3.14","GRCm38","HDF5","https://figshare.com/articles/dataset/Tabula_Muris_Senis_Data_Objects/12654728","","Mus musculus","10090",NA,"The Tabula Muris Consortium","Charlotte Soneson <charlottesoneson@gmail.com>","H5File","H5File"
"Tabula Muris Senis FACS Bladder rowData","Gene annotation for the Tabula Muris Senis FACS Bladder scRNA-seq dataset","TabulaMurisSenisData/tabula-muris-senis-facs/Bladder_rowdata.rds","3.14","GRCm38","HDF5","https://figshare.com/articles/dataset/Tabula_Muris_Senis_Data_Objects/12654728","","Mus musculus","10090",NA,"The Tabula Muris Consortium","Charlotte Soneson <charlottesoneson@gmail.com>","DFrame","Rds"
"Tabula Muris Senis FACS Bladder PCA","PCA representation for the Tabula Muris Senis FACS Bladder scRNA-seq dataset","TabulaMurisSenisData/tabula-muris-senis-facs/Bladder_pca.rds","3.14","GRCm38","HDF5","https://figshare.com/articles/dataset/Tabula_Muris_Senis_Data_Objects/12654728","","Mus musculus","10090",NA,"The Tabula Muris Consortium","Charlotte Soneson <charlottesoneson@gmail.com>","matrix","Rds"
"Tabula Muris Senis FACS Bladder tSNE","tSNE representation for the Tabula Muris Senis FACS Bladder scRNA-seq dataset","TabulaMurisSenisData/tabula-muris-senis-facs/Bladder_tsne.rds","3.14","GRCm38","HDF5","https://figshare.com/articles/dataset/Tabula_Muris_Senis_Data_Objects/12654728","","Mus musculus","10090",NA,"The Tabula Muris Consortium","Charlotte Soneson <charlottesoneson@gmail.com>","matrix","Rds"
"Tabula Muris Senis FACS Bladder UMAP","UMAP representation for the Tabula Muris Senis FACS Bladder scRNA-seq dataset","TabulaMurisSenisData/tabula-muris-senis-facs/Bladder_umap.rds","3.14","GRCm38","HDF5","https://figshare.com/articles/dataset/Tabula_Muris_Senis_Data_Objects/12654728","","Mus musculus","10090",NA,"The Tabula Muris Consortium","Charlotte Soneson <charlottesoneson@gmail.com>","matrix","Rds"
"Tabula Muris Senis FACS Lung colData","Sample metadata for the Tabula Muris Senis FACS Lung scRNA-seq dataset","TabulaMurisSenisData/tabula-muris-senis-facs/Lung_coldata.rds","3.14","GRCm38","HDF5","https://figshare.com/articles/dataset/Tabula_Muris_Senis_Data_Objects/12654728","","Mus musculus","10090",NA,"The Tabula Muris Consortium","Charlotte Soneson <charlottesoneson@gmail.com>","DFrame","Rds"
"Tabula Muris Senis FACS Lung counts","Count matrix for the Tabula Muris Senis FACS Lung scRNA-seq dataset","TabulaMurisSenisData/tabula-muris-senis-facs/Lung_counts.h5","3.14","GRCm38","HDF5","https://figshare.com/articles/dataset/Tabula_Muris_Senis_Data_Objects/12654728","","Mus musculus","10090",NA,"The Tabula Muris Consortium","Charlotte Soneson <charlottesoneson@gmail.com>","H5File","H5File"
"Tabula Muris Senis FACS Lung processed counts","Processed count matrix for the Tabula Muris Senis FACS Lung scRNA-seq dataset","TabulaMurisSenisData/tabula-muris-senis-facs/Lung_processed.h5","3.14","GRCm38","HDF5","https://figshare.com/articles/dataset/Tabula_Muris_Senis_Data_Objects/12654728","","Mus musculus","10090",NA,"The Tabula Muris Consortium","Charlotte Soneson <charlottesoneson@gmail.com>","H5File","H5File"
"Tabula Muris Senis FACS Lung rowData","Gene annotation for the Tabula Muris Senis FACS Lung scRNA-seq dataset","TabulaMurisSenisData/tabula-muris-senis-facs/Lung_rowdata.rds","3.14","GRCm38","HDF5","https://figshare.com/articles/dataset/Tabula_Muris_Senis_Data_Objects/12654728","","Mus musculus","10090",NA,"The Tabula Muris Consortium","Charlotte Soneson <charlottesoneson@gmail.com>","DFrame","Rds"
"Tabula Muris Senis FACS Lung PCA","PCA representation for the Tabula Muris Senis FACS Lung scRNA-seq dataset","TabulaMurisSenisData/tabula-muris-senis-facs/Lung_pca.rds","3.14","GRCm38","HDF5","https://figshare.com/articles/dataset/Tabula_Muris_Senis_Data_Objects/12654728","","Mus musculus","10090",NA,"The Tabula Muris Consortium","Charlotte Soneson <charlottesoneson@gmail.com>","matrix","Rds"
"Tabula Muris Senis FACS Lung tSNE","tSNE representation for the Tabula Muris Senis FACS Lung scRNA-seq dataset","TabulaMurisSenisData/tabula-muris-senis-facs/Lung_tsne.rds","3.14","GRCm38","HDF5","https://figshare.com/articles/dataset/Tabula_Muris_Senis_Data_Objects/12654728","","Mus musculus","10090",NA,"The Tabula Muris Consortium","Charlotte Soneson <charlottesoneson@gmail.com>","matrix","Rds"
"Tabula Muris Senis FACS Lung UMAP","UMAP representation for the Tabula Muris Senis FACS Lung scRNA-seq dataset","TabulaMurisSenisData/tabula-muris-senis-facs/Lung_umap.rds","3.14","GRCm38","HDF5","https://figshare.com/articles/dataset/Tabula_Muris_Senis_Data_Objects/12654728","","Mus musculus","10090",NA,"The Tabula Muris Consortium","Charlotte Soneson <charlottesoneson@gmail.com>","matrix","Rds"
"Tabula Muris Senis FACS Mammary_Gland colData","Sample metadata for the Tabula Muris Senis FACS Mammary_Gland scRNA-seq dataset","TabulaMurisSenisData/tabula-muris-senis-facs/Mammary_Gland_coldata.rds","3.14","GRCm38","HDF5","https://figshare.com/articles/dataset/Tabula_Muris_Senis_Data_Objects/12654728","","Mus musculus","10090",NA,"The Tabula Muris Consortium","Charlotte Soneson <charlottesoneson@gmail.com>","DFrame","Rds"
"Tabula Muris Senis FACS Mammary_Gland counts","Count matrix for the Tabula Muris Senis FACS Mammary_Gland scRNA-seq dataset","TabulaMurisSenisData/tabula-muris-senis-facs/Mammary_Gland_counts.h5","3.14","GRCm38","HDF5","https://figshare.com/articles/dataset/Tabula_Muris_Senis_Data_Objects/12654728","","Mus musculus","10090",NA,"The Tabula Muris Consortium","Charlotte Soneson <charlottesoneson@gmail.com>","H5File","H5File"
"Tabula Muris Senis FACS Mammary_Gland processed counts","Processed count matrix for the Tabula Muris Senis FACS Mammary_Gland scRNA-seq dataset","TabulaMurisSenisData/tabula-muris-senis-facs/Mammary_Gland_processed.h5","3.14","GRCm38","HDF5","https://figshare.com/articles/dataset/Tabula_Muris_Senis_Data_Objects/12654728","","Mus musculus","10090",NA,"The Tabula Muris Consortium","Charlotte Soneson <charlottesoneson@gmail.com>","H5File","H5File"
"Tabula Muris Senis FACS Mammary_Gland rowData","Gene annotation for the Tabula Muris Senis FACS Mammary_Gland scRNA-seq dataset","TabulaMurisSenisData/tabula-muris-senis-facs/Mammary_Gland_rowdata.rds","3.14","GRCm38","HDF5","https://figshare.com/articles/dataset/Tabula_Muris_Senis_Data_Objects/12654728","","Mus musculus","10090",NA,"The Tabula Muris Consortium","Charlotte Soneson <charlottesoneson@gmail.com>","DFrame","Rds"
"Tabula Muris Senis FACS Mammary_Gland PCA","PCA representation for the Tabula Muris Senis FACS Mammary_Gland scRNA-seq dataset","TabulaMurisSenisData/tabula-muris-senis-facs/Mammary_Gland_pca.rds","3.14","GRCm38","HDF5","https://figshare.com/articles/dataset/Tabula_Muris_Senis_Data_Objects/12654728","","Mus musculus","10090",NA,"The Tabula Muris Consortium","Charlotte Soneson <charlottesoneson@gmail.com>","matrix","Rds"
"Tabula Muris Senis FACS Mammary_Gland tSNE","tSNE representation for the Tabula Muris Senis FACS Mammary_Gland scRNA-seq dataset","TabulaMurisSenisData/tabula-muris-senis-facs/Mammary_Gland_tsne.rds","3.14","GRCm38","HDF5","https://figshare.com/articles/dataset/Tabula_Muris_Senis_Data_Objects/12654728","","Mus musculus","10090",NA,"The Tabula Muris Consortium","Charlotte Soneson <charlottesoneson@gmail.com>","matrix","Rds"
"Tabula Muris Senis FACS Mammary_Gland UMAP","UMAP representation for the Tabula Muris Senis FACS Mammary_Gland scRNA-seq dataset","TabulaMurisSenisData/tabula-muris-senis-facs/Mammary_Gland_umap.rds","3.14","GRCm38","HDF5","https://figshare.com/articles/dataset/Tabula_Muris_Senis_Data_Objects/12654728","","Mus musculus","10090",NA,"The Tabula Muris Consortium","Charlotte Soneson <charlottesoneson@gmail.com>","matrix","Rds"
"Tabula Muris Senis FACS Pancreas colData","Sample metadata for the Tabula Muris Senis FACS Pancreas scRNA-seq dataset","TabulaMurisSenisData/tabula-muris-senis-facs/Pancreas_coldata.rds","3.14","GRCm38","HDF5","https://figshare.com/articles/dataset/Tabula_Muris_Senis_Data_Objects/12654728","","Mus musculus","10090",NA,"The Tabula Muris Consortium","Charlotte Soneson <charlottesoneson@gmail.com>","DFrame","Rds"
"Tabula Muris Senis FACS Pancreas counts","Count matrix for the Tabula Muris Senis FACS Pancreas scRNA-seq dataset","TabulaMurisSenisData/tabula-muris-senis-facs/Pancreas_counts.h5","3.14","GRCm38","HDF5","https://figshare.com/articles/dataset/Tabula_Muris_Senis_Data_Objects/12654728","","Mus musculus","10090",NA,"The Tabula Muris Consortium","Charlotte Soneson <charlottesoneson@gmail.com>","H5File","H5File"
"Tabula Muris Senis FACS Pancreas processed counts","Processed count matrix for the Tabula Muris Senis FACS Pancreas scRNA-seq dataset","TabulaMurisSenisData/tabula-muris-senis-facs/Pancreas_processed.h5","3.14","GRCm38","HDF5","https://figshare.com/articles/dataset/Tabula_Muris_Senis_Data_Objects/12654728","","Mus musculus","10090",NA,"The Tabula Muris Consortium","Charlotte Soneson <charlottesoneson@gmail.com>","H5File","H5File"
"Tabula Muris Senis FACS Pancreas rowData","Gene annotation for the Tabula Muris Senis FACS Pancreas scRNA-seq dataset","TabulaMurisSenisData/tabula-muris-senis-facs/Pancreas_rowdata.rds","3.14","GRCm38","HDF5","https://figshare.com/articles/dataset/Tabula_Muris_Senis_Data_Objects/12654728","","Mus musculus","10090",NA,"The Tabula Muris Consortium","Charlotte Soneson <charlottesoneson@gmail.com>","DFrame","Rds"
"Tabula Muris Senis FACS Pancreas PCA","PCA representation for the Tabula Muris Senis FACS Pancreas scRNA-seq dataset","TabulaMurisSenisData/tabula-muris-senis-facs/Pancreas_pca.rds","3.14","GRCm38","HDF5","https://figshare.com/articles/dataset/Tabula_Muris_Senis_Data_Objects/12654728","","Mus musculus","10090",NA,"The Tabula Muris Consortium","Charlotte Soneson <charlottesoneson@gmail.com>","matrix","Rds"
"Tabula Muris Senis FACS Pancreas tSNE","tSNE representation for the Tabula Muris Senis FACS Pancreas scRNA-seq dataset","TabulaMurisSenisData/tabula-muris-senis-facs/Pancreas_tsne.rds","3.14","GRCm38","HDF5","https://figshare.com/articles/dataset/Tabula_Muris_Senis_Data_Objects/12654728","","Mus musculus","10090",NA,"The Tabula Muris Consortium","Charlotte Soneson <charlottesoneson@gmail.com>","matrix","Rds"
"Tabula Muris Senis FACS Pancreas UMAP","UMAP representation for the Tabula Muris Senis FACS Pancreas scRNA-seq dataset","TabulaMurisSenisData/tabula-muris-senis-facs/Pancreas_umap.rds","3.14","GRCm38","HDF5","https://figshare.com/articles/dataset/Tabula_Muris_Senis_Data_Objects/12654728","","Mus musculus","10090",NA,"The Tabula Muris Consortium","Charlotte Soneson <charlottesoneson@gmail.com>","matrix","Rds"
"Tabula Muris Senis FACS Skin colData","Sample metadata for the Tabula Muris Senis FACS Skin scRNA-seq dataset","TabulaMurisSenisData/tabula-muris-senis-facs/Skin_coldata.rds","3.14","GRCm38","HDF5","https://figshare.com/articles/dataset/Tabula_Muris_Senis_Data_Objects/12654728","","Mus musculus","10090",NA,"The Tabula Muris Consortium","Charlotte Soneson <charlottesoneson@gmail.com>","DFrame","Rds"
"Tabula Muris Senis FACS Skin counts","Count matrix for the Tabula Muris Senis FACS Skin scRNA-seq dataset","TabulaMurisSenisData/tabula-muris-senis-facs/Skin_counts.h5","3.14","GRCm38","HDF5","https://figshare.com/articles/dataset/Tabula_Muris_Senis_Data_Objects/12654728","","Mus musculus","10090",NA,"The Tabula Muris Consortium","Charlotte Soneson <charlottesoneson@gmail.com>","H5File","H5File"
"Tabula Muris Senis FACS Skin processed counts","Processed count matrix for the Tabula Muris Senis FACS Skin scRNA-seq dataset","TabulaMurisSenisData/tabula-muris-senis-facs/Skin_processed.h5","3.14","GRCm38","HDF5","https://figshare.com/articles/dataset/Tabula_Muris_Senis_Data_Objects/12654728","","Mus musculus","10090",NA,"The Tabula Muris Consortium","Charlotte Soneson <charlottesoneson@gmail.com>","H5File","H5File"
"Tabula Muris Senis FACS Skin rowData","Gene annotation for the Tabula Muris Senis FACS Skin scRNA-seq dataset","TabulaMurisSenisData/tabula-muris-senis-facs/Skin_rowdata.rds","3.14","GRCm38","HDF5","https://figshare.com/articles/dataset/Tabula_Muris_Senis_Data_Objects/12654728","","Mus musculus","10090",NA,"The Tabula Muris Consortium","Charlotte Soneson <charlottesoneson@gmail.com>","DFrame","Rds"
"Tabula Muris Senis FACS Skin PCA","PCA representation for the Tabula Muris Senis FACS Skin scRNA-seq dataset","TabulaMurisSenisData/tabula-muris-senis-facs/Skin_pca.rds","3.14","GRCm38","HDF5","https://figshare.com/articles/dataset/Tabula_Muris_Senis_Data_Objects/12654728","","Mus musculus","10090",NA,"The Tabula Muris Consortium","Charlotte Soneson <charlottesoneson@gmail.com>","matrix","Rds"
"Tabula Muris Senis FACS Skin tSNE","tSNE representation for the Tabula Muris Senis FACS Skin scRNA-seq dataset","TabulaMurisSenisData/tabula-muris-senis-facs/Skin_tsne.rds","3.14","GRCm38","HDF5","https://figshare.com/articles/dataset/Tabula_Muris_Senis_Data_Objects/12654728","","Mus musculus","10090",NA,"The Tabula Muris Consortium","Charlotte Soneson <charlottesoneson@gmail.com>","matrix","Rds"
"Tabula Muris Senis FACS Skin UMAP","UMAP representation for the Tabula Muris Senis FACS Skin scRNA-seq dataset","TabulaMurisSenisData/tabula-muris-senis-facs/Skin_umap.rds","3.14","GRCm38","HDF5","https://figshare.com/articles/dataset/Tabula_Muris_Senis_Data_Objects/12654728","","Mus musculus","10090",NA,"The Tabula Muris Consortium","Charlotte Soneson <charlottesoneson@gmail.com>","matrix","Rds"
"Tabula Muris Senis FACS Tongue colData","Sample metadata for the Tabula Muris Senis FACS Tongue scRNA-seq dataset","TabulaMurisSenisData/tabula-muris-senis-facs/Tongue_coldata.rds","3.14","GRCm38","HDF5","https://figshare.com/articles/dataset/Tabula_Muris_Senis_Data_Objects/12654728","","Mus musculus","10090",NA,"The Tabula Muris Consortium","Charlotte Soneson <charlottesoneson@gmail.com>","DFrame","Rds"
"Tabula Muris Senis FACS Tongue counts","Count matrix for the Tabula Muris Senis FACS Tongue scRNA-seq dataset","TabulaMurisSenisData/tabula-muris-senis-facs/Tongue_counts.h5","3.14","GRCm38","HDF5","https://figshare.com/articles/dataset/Tabula_Muris_Senis_Data_Objects/12654728","","Mus musculus","10090",NA,"The Tabula Muris Consortium","Charlotte Soneson <charlottesoneson@gmail.com>","H5File","H5File"
"Tabula Muris Senis FACS Tongue processed counts","Processed count matrix for the Tabula Muris Senis FACS Tongue scRNA-seq dataset","TabulaMurisSenisData/tabula-muris-senis-facs/Tongue_processed.h5","3.14","GRCm38","HDF5","https://figshare.com/articles/dataset/Tabula_Muris_Senis_Data_Objects/12654728","","Mus musculus","10090",NA,"The Tabula Muris Consortium","Charlotte Soneson <charlottesoneson@gmail.com>","H5File","H5File"
"Tabula Muris Senis FACS Tongue rowData","Gene annotation for the Tabula Muris Senis FACS Tongue scRNA-seq dataset","TabulaMurisSenisData/tabula-muris-senis-facs/Tongue_rowdata.rds","3.14","GRCm38","HDF5","https://figshare.com/articles/dataset/Tabula_Muris_Senis_Data_Objects/12654728","","Mus musculus","10090",NA,"The Tabula Muris Consortium","Charlotte Soneson <charlottesoneson@gmail.com>","DFrame","Rds"
"Tabula Muris Senis FACS Tongue PCA","PCA representation for the Tabula Muris Senis FACS Tongue scRNA-seq dataset","TabulaMurisSenisData/tabula-muris-senis-facs/Tongue_pca.rds","3.14","GRCm38","HDF5","https://figshare.com/articles/dataset/Tabula_Muris_Senis_Data_Objects/12654728","","Mus musculus","10090",NA,"The Tabula Muris Consortium","Charlotte Soneson <charlottesoneson@gmail.com>","matrix","Rds"
"Tabula Muris Senis FACS Tongue tSNE","tSNE representation for the Tabula Muris Senis FACS Tongue scRNA-seq dataset","TabulaMurisSenisData/tabula-muris-senis-facs/Tongue_tsne.rds","3.14","GRCm38","HDF5","https://figshare.com/articles/dataset/Tabula_Muris_Senis_Data_Objects/12654728","","Mus musculus","10090",NA,"The Tabula Muris Consortium","Charlotte Soneson <charlottesoneson@gmail.com>","matrix","Rds"
"Tabula Muris Senis FACS Tongue UMAP","UMAP representation for the Tabula Muris Senis FACS Tongue scRNA-seq dataset","TabulaMurisSenisData/tabula-muris-senis-facs/Tongue_umap.rds","3.14","GRCm38","HDF5","https://figshare.com/articles/dataset/Tabula_Muris_Senis_Data_Objects/12654728","","Mus musculus","10090",NA,"The Tabula Muris Consortium","Charlotte Soneson <charlottesoneson@gmail.com>","matrix","Rds"
"Tabula Muris Senis FACS Brain_Non-Myeloid colData","Sample metadata for the Tabula Muris Senis FACS Brain_Non-Myeloid scRNA-seq dataset","TabulaMurisSenisData/tabula-muris-senis-facs/Brain_Non-Myeloid_coldata.rds","3.14","GRCm38","HDF5","https://figshare.com/articles/dataset/Tabula_Muris_Senis_Data_Objects/12654728","","Mus musculus","10090",NA,"The Tabula Muris Consortium","Charlotte Soneson <charlottesoneson@gmail.com>","DFrame","Rds"
"Tabula Muris Senis FACS Brain_Non-Myeloid counts","Count matrix for the Tabula Muris Senis FACS Brain_Non-Myeloid scRNA-seq dataset","TabulaMurisSenisData/tabula-muris-senis-facs/Brain_Non-Myeloid_counts.h5","3.14","GRCm38","HDF5","https://figshare.com/articles/dataset/Tabula_Muris_Senis_Data_Objects/12654728","","Mus musculus","10090",NA,"The Tabula Muris Consortium","Charlotte Soneson <charlottesoneson@gmail.com>","H5File","H5File"
"Tabula Muris Senis FACS Brain_Non-Myeloid processed counts","Processed count matrix for the Tabula Muris Senis FACS Brain_Non-Myeloid scRNA-seq dataset","TabulaMurisSenisData/tabula-muris-senis-facs/Brain_Non-Myeloid_processed.h5","3.14","GRCm38","HDF5","https://figshare.com/articles/dataset/Tabula_Muris_Senis_Data_Objects/12654728","","Mus musculus","10090",NA,"The Tabula Muris Consortium","Charlotte Soneson <charlottesoneson@gmail.com>","H5File","H5File"
"Tabula Muris Senis FACS Brain_Non-Myeloid rowData","Gene annotation for the Tabula Muris Senis FACS Brain_Non-Myeloid scRNA-seq dataset","TabulaMurisSenisData/tabula-muris-senis-facs/Brain_Non-Myeloid_rowdata.rds","3.14","GRCm38","HDF5","https://figshare.com/articles/dataset/Tabula_Muris_Senis_Data_Objects/12654728","","Mus musculus","10090",NA,"The Tabula Muris Consortium","Charlotte Soneson <charlottesoneson@gmail.com>","DFrame","Rds"
"Tabula Muris Senis FACS Brain_Non-Myeloid PCA","PCA representation for the Tabula Muris Senis FACS Brain_Non-Myeloid scRNA-seq dataset","TabulaMurisSenisData/tabula-muris-senis-facs/Brain_Non-Myeloid_pca.rds","3.14","GRCm38","HDF5","https://figshare.com/articles/dataset/Tabula_Muris_Senis_Data_Objects/12654728","","Mus musculus","10090",NA,"The Tabula Muris Consortium","Charlotte Soneson <charlottesoneson@gmail.com>","matrix","Rds"
"Tabula Muris Senis FACS Brain_Non-Myeloid tSNE","tSNE representation for the Tabula Muris Senis FACS Brain_Non-Myeloid scRNA-seq dataset","TabulaMurisSenisData/tabula-muris-senis-facs/Brain_Non-Myeloid_tsne.rds","3.14","GRCm38","HDF5","https://figshare.com/articles/dataset/Tabula_Muris_Senis_Data_Objects/12654728","","Mus musculus","10090",NA,"The Tabula Muris Consortium","Charlotte Soneson <charlottesoneson@gmail.com>","matrix","Rds"
"Tabula Muris Senis FACS Brain_Non-Myeloid UMAP","UMAP representation for the Tabula Muris Senis FACS Brain_Non-Myeloid scRNA-seq dataset","TabulaMurisSenisData/tabula-muris-senis-facs/Brain_Non-Myeloid_umap.rds","3.14","GRCm38","HDF5","https://figshare.com/articles/dataset/Tabula_Muris_Senis_Data_Objects/12654728","","Mus musculus","10090",NA,"The Tabula Muris Consortium","Charlotte Soneson <charlottesoneson@gmail.com>","matrix","Rds"
"Tabula Muris Senis FACS Heart colData","Sample metadata for the Tabula Muris Senis FACS Heart scRNA-seq dataset","TabulaMurisSenisData/tabula-muris-senis-facs/Heart_coldata.rds","3.14","GRCm38","HDF5","https://figshare.com/articles/dataset/Tabula_Muris_Senis_Data_Objects/12654728","","Mus musculus","10090",NA,"The Tabula Muris Consortium","Charlotte Soneson <charlottesoneson@gmail.com>","DFrame","Rds"
"Tabula Muris Senis FACS Heart counts","Count matrix for the Tabula Muris Senis FACS Heart scRNA-seq dataset","TabulaMurisSenisData/tabula-muris-senis-facs/Heart_counts.h5","3.14","GRCm38","HDF5","https://figshare.com/articles/dataset/Tabula_Muris_Senis_Data_Objects/12654728","","Mus musculus","10090",NA,"The Tabula Muris Consortium","Charlotte Soneson <charlottesoneson@gmail.com>","H5File","H5File"
"Tabula Muris Senis FACS Heart processed counts","Processed count matrix for the Tabula Muris Senis FACS Heart scRNA-seq dataset","TabulaMurisSenisData/tabula-muris-senis-facs/Heart_processed.h5","3.14","GRCm38","HDF5","https://figshare.com/articles/dataset/Tabula_Muris_Senis_Data_Objects/12654728","","Mus musculus","10090",NA,"The Tabula Muris Consortium","Charlotte Soneson <charlottesoneson@gmail.com>","H5File","H5File"
"Tabula Muris Senis FACS Heart rowData","Gene annotation for the Tabula Muris Senis FACS Heart scRNA-seq dataset","TabulaMurisSenisData/tabula-muris-senis-facs/Heart_rowdata.rds","3.14","GRCm38","HDF5","https://figshare.com/articles/dataset/Tabula_Muris_Senis_Data_Objects/12654728","","Mus musculus","10090",NA,"The Tabula Muris Consortium","Charlotte Soneson <charlottesoneson@gmail.com>","DFrame","Rds"
"Tabula Muris Senis FACS Heart PCA","PCA representation for the Tabula Muris Senis FACS Heart scRNA-seq dataset","TabulaMurisSenisData/tabula-muris-senis-facs/Heart_pca.rds","3.14","GRCm38","HDF5","https://figshare.com/articles/dataset/Tabula_Muris_Senis_Data_Objects/12654728","","Mus musculus","10090",NA,"The Tabula Muris Consortium","Charlotte Soneson <charlottesoneson@gmail.com>","matrix","Rds"
"Tabula Muris Senis FACS Heart tSNE","tSNE representation for the Tabula Muris Senis FACS Heart scRNA-seq dataset","TabulaMurisSenisData/tabula-muris-senis-facs/Heart_tsne.rds","3.14","GRCm38","HDF5","https://figshare.com/articles/dataset/Tabula_Muris_Senis_Data_Objects/12654728","","Mus musculus","10090",NA,"The Tabula Muris Consortium","Charlotte Soneson <charlottesoneson@gmail.com>","matrix","Rds"
"Tabula Muris Senis FACS Heart UMAP","UMAP representation for the Tabula Muris Senis FACS Heart scRNA-seq dataset","TabulaMurisSenisData/tabula-muris-senis-facs/Heart_umap.rds","3.14","GRCm38","HDF5","https://figshare.com/articles/dataset/Tabula_Muris_Senis_Data_Objects/12654728","","Mus musculus","10090",NA,"The Tabula Muris Consortium","Charlotte Soneson <charlottesoneson@gmail.com>","matrix","Rds"
"Tabula Muris Senis FACS Brain_Myeloid colData","Sample metadata for the Tabula Muris Senis FACS Brain_Myeloid scRNA-seq dataset","TabulaMurisSenisData/tabula-muris-senis-facs/Brain_Myeloid_coldata.rds","3.14","GRCm38","HDF5","https://figshare.com/articles/dataset/Tabula_Muris_Senis_Data_Objects/12654728","","Mus musculus","10090",NA,"The Tabula Muris Consortium","Charlotte Soneson <charlottesoneson@gmail.com>","DFrame","Rds"
"Tabula Muris Senis FACS Brain_Myeloid counts","Count matrix for the Tabula Muris Senis FACS Brain_Myeloid scRNA-seq dataset","TabulaMurisSenisData/tabula-muris-senis-facs/Brain_Myeloid_counts.h5","3.14","GRCm38","HDF5","https://figshare.com/articles/dataset/Tabula_Muris_Senis_Data_Objects/12654728","","Mus musculus","10090",NA,"The Tabula Muris Consortium","Charlotte Soneson <charlottesoneson@gmail.com>","H5File","H5File"
"Tabula Muris Senis FACS Brain_Myeloid processed counts","Processed count matrix for the Tabula Muris Senis FACS Brain_Myeloid scRNA-seq dataset","TabulaMurisSenisData/tabula-muris-senis-facs/Brain_Myeloid_processed.h5","3.14","GRCm38","HDF5","https://figshare.com/articles/dataset/Tabula_Muris_Senis_Data_Objects/12654728","","Mus musculus","10090",NA,"The Tabula Muris Consortium","Charlotte Soneson <charlottesoneson@gmail.com>","H5File","H5File"
"Tabula Muris Senis FACS Brain_Myeloid rowData","Gene annotation for the Tabula Muris Senis FACS Brain_Myeloid scRNA-seq dataset","TabulaMurisSenisData/tabula-muris-senis-facs/Brain_Myeloid_rowdata.rds","3.14","GRCm38","HDF5","https://figshare.com/articles/dataset/Tabula_Muris_Senis_Data_Objects/12654728","","Mus musculus","10090",NA,"The Tabula Muris Consortium","Charlotte Soneson <charlottesoneson@gmail.com>","DFrame","Rds"
"Tabula Muris Senis FACS Brain_Myeloid PCA","PCA representation for the Tabula Muris Senis FACS Brain_Myeloid scRNA-seq dataset","TabulaMurisSenisData/tabula-muris-senis-facs/Brain_Myeloid_pca.rds","3.14","GRCm38","HDF5","https://figshare.com/articles/dataset/Tabula_Muris_Senis_Data_Objects/12654728","","Mus musculus","10090",NA,"The Tabula Muris Consortium","Charlotte Soneson <charlottesoneson@gmail.com>","matrix","Rds"
"Tabula Muris Senis FACS Brain_Myeloid tSNE","tSNE representation for the Tabula Muris Senis FACS Brain_Myeloid scRNA-seq dataset","TabulaMurisSenisData/tabula-muris-senis-facs/Brain_Myeloid_tsne.rds","3.14","GRCm38","HDF5","https://figshare.com/articles/dataset/Tabula_Muris_Senis_Data_Objects/12654728","","Mus musculus","10090",NA,"The Tabula Muris Consortium","Charlotte Soneson <charlottesoneson@gmail.com>","matrix","Rds"
"Tabula Muris Senis FACS Brain_Myeloid UMAP","UMAP representation for the Tabula Muris Senis FACS Brain_Myeloid scRNA-seq dataset","TabulaMurisSenisData/tabula-muris-senis-facs/Brain_Myeloid_umap.rds","3.14","GRCm38","HDF5","https://figshare.com/articles/dataset/Tabula_Muris_Senis_Data_Objects/12654728","","Mus musculus","10090",NA,"The Tabula Muris Consortium","Charlotte Soneson <charlottesoneson@gmail.com>","matrix","Rds"
"Tabula Muris Senis FACS Large_Intestine colData","Sample metadata for the Tabula Muris Senis FACS Large_Intestine scRNA-seq dataset","TabulaMurisSenisData/tabula-muris-senis-facs/Large_Intestine_coldata.rds","3.14","GRCm38","HDF5","https://figshare.com/articles/dataset/Tabula_Muris_Senis_Data_Objects/12654728","","Mus musculus","10090",NA,"The Tabula Muris Consortium","Charlotte Soneson <charlottesoneson@gmail.com>","DFrame","Rds"
"Tabula Muris Senis FACS Large_Intestine counts","Count matrix for the Tabula Muris Senis FACS Large_Intestine scRNA-seq dataset","TabulaMurisSenisData/tabula-muris-senis-facs/Large_Intestine_counts.h5","3.14","GRCm38","HDF5","https://figshare.com/articles/dataset/Tabula_Muris_Senis_Data_Objects/12654728","","Mus musculus","10090",NA,"The Tabula Muris Consortium","Charlotte Soneson <charlottesoneson@gmail.com>","H5File","H5File"
"Tabula Muris Senis FACS Large_Intestine processed counts","Processed count matrix for the Tabula Muris Senis FACS Large_Intestine scRNA-seq dataset","TabulaMurisSenisData/tabula-muris-senis-facs/Large_Intestine_processed.h5","3.14","GRCm38","HDF5","https://figshare.com/articles/dataset/Tabula_Muris_Senis_Data_Objects/12654728","","Mus musculus","10090",NA,"The Tabula Muris Consortium","Charlotte Soneson <charlottesoneson@gmail.com>","H5File","H5File"
"Tabula Muris Senis FACS Large_Intestine rowData","Gene annotation for the Tabula Muris Senis FACS Large_Intestine scRNA-seq dataset","TabulaMurisSenisData/tabula-muris-senis-facs/Large_Intestine_rowdata.rds","3.14","GRCm38","HDF5","https://figshare.com/articles/dataset/Tabula_Muris_Senis_Data_Objects/12654728","","Mus musculus","10090",NA,"The Tabula Muris Consortium","Charlotte Soneson <charlottesoneson@gmail.com>","DFrame","Rds"
"Tabula Muris Senis FACS Large_Intestine PCA","PCA representation for the Tabula Muris Senis FACS Large_Intestine scRNA-seq dataset","TabulaMurisSenisData/tabula-muris-senis-facs/Large_Intestine_pca.rds","3.14","GRCm38","HDF5","https://figshare.com/articles/dataset/Tabula_Muris_Senis_Data_Objects/12654728","","Mus musculus","10090",NA,"The Tabula Muris Consortium","Charlotte Soneson <charlottesoneson@gmail.com>","matrix","Rds"
"Tabula Muris Senis FACS Large_Intestine tSNE","tSNE representation for the Tabula Muris Senis FACS Large_Intestine scRNA-seq dataset","TabulaMurisSenisData/tabula-muris-senis-facs/Large_Intestine_tsne.rds","3.14","GRCm38","HDF5","https://figshare.com/articles/dataset/Tabula_Muris_Senis_Data_Objects/12654728","","Mus musculus","10090",NA,"The Tabula Muris Consortium","Charlotte Soneson <charlottesoneson@gmail.com>","matrix","Rds"
"Tabula Muris Senis FACS Large_Intestine UMAP","UMAP representation for the Tabula Muris Senis FACS Large_Intestine scRNA-seq dataset","TabulaMurisSenisData/tabula-muris-senis-facs/Large_Intestine_umap.rds","3.14","GRCm38","HDF5","https://figshare.com/articles/dataset/Tabula_Muris_Senis_Data_Objects/12654728","","Mus musculus","10090",NA,"The Tabula Muris Consortium","Charlotte Soneson <charlottesoneson@gmail.com>","matrix","Rds"
"Tabula Muris Senis FACS Marrow colData","Sample metadata for the Tabula Muris Senis FACS Marrow scRNA-seq dataset","TabulaMurisSenisData/tabula-muris-senis-facs/Marrow_coldata.rds","3.14","GRCm38","HDF5","https://figshare.com/articles/dataset/Tabula_Muris_Senis_Data_Objects/12654728","","Mus musculus","10090",NA,"The Tabula Muris Consortium","Charlotte Soneson <charlottesoneson@gmail.com>","DFrame","Rds"
"Tabula Muris Senis FACS Marrow counts","Count matrix for the Tabula Muris Senis FACS Marrow scRNA-seq dataset","TabulaMurisSenisData/tabula-muris-senis-facs/Marrow_counts.h5","3.14","GRCm38","HDF5","https://figshare.com/articles/dataset/Tabula_Muris_Senis_Data_Objects/12654728","","Mus musculus","10090",NA,"The Tabula Muris Consortium","Charlotte Soneson <charlottesoneson@gmail.com>","H5File","H5File"
"Tabula Muris Senis FACS Marrow processed counts","Processed count matrix for the Tabula Muris Senis FACS Marrow scRNA-seq dataset","TabulaMurisSenisData/tabula-muris-senis-facs/Marrow_processed.h5","3.14","GRCm38","HDF5","https://figshare.com/articles/dataset/Tabula_Muris_Senis_Data_Objects/12654728","","Mus musculus","10090",NA,"The Tabula Muris Consortium","Charlotte Soneson <charlottesoneson@gmail.com>","H5File","H5File"
"Tabula Muris Senis FACS Marrow rowData","Gene annotation for the Tabula Muris Senis FACS Marrow scRNA-seq dataset","TabulaMurisSenisData/tabula-muris-senis-facs/Marrow_rowdata.rds","3.14","GRCm38","HDF5","https://figshare.com/articles/dataset/Tabula_Muris_Senis_Data_Objects/12654728","","Mus musculus","10090",NA,"The Tabula Muris Consortium","Charlotte Soneson <charlottesoneson@gmail.com>","DFrame","Rds"
"Tabula Muris Senis FACS Marrow PCA","PCA representation for the Tabula Muris Senis FACS Marrow scRNA-seq dataset","TabulaMurisSenisData/tabula-muris-senis-facs/Marrow_pca.rds","3.14","GRCm38","HDF5","https://figshare.com/articles/dataset/Tabula_Muris_Senis_Data_Objects/12654728","","Mus musculus","10090",NA,"The Tabula Muris Consortium","Charlotte Soneson <charlottesoneson@gmail.com>","matrix","Rds"
"Tabula Muris Senis FACS Marrow tSNE","tSNE representation for the Tabula Muris Senis FACS Marrow scRNA-seq dataset","TabulaMurisSenisData/tabula-muris-senis-facs/Marrow_tsne.rds","3.14","GRCm38","HDF5","https://figshare.com/articles/dataset/Tabula_Muris_Senis_Data_Objects/12654728","","Mus musculus","10090",NA,"The Tabula Muris Consortium","Charlotte Soneson <charlottesoneson@gmail.com>","matrix","Rds"
"Tabula Muris Senis FACS Marrow UMAP","UMAP representation for the Tabula Muris Senis FACS Marrow scRNA-seq dataset","TabulaMurisSenisData/tabula-muris-senis-facs/Marrow_umap.rds","3.14","GRCm38","HDF5","https://figshare.com/articles/dataset/Tabula_Muris_Senis_Data_Objects/12654728","","Mus musculus","10090",NA,"The Tabula Muris Consortium","Charlotte Soneson <charlottesoneson@gmail.com>","matrix","Rds"
